league,outcome,bin,avg_pred,actual,error,count
Premier League,home,1,0.12187430135893366,0.05263157894736842,-0.06924272241156525,38
Premier League,home,2,0.18136318641197083,0.07894736842105263,-0.1024158179909182,38
Premier League,home,3,0.21947749373815525,0.2631578947368421,0.043680400998686836,38
Premier League,home,4,0.25410870918184986,0.15789473684210525,-0.0962139723397446,38
Premier League,home,5,0.28261073673290704,0.2631578947368421,-0.01945284199606495,38
Premier League,home,6,0.31224805906782166,0.2631578947368421,-0.04909016433097957,38
Premier League,home,7,0.33544213437056725,0.2894736842105263,-0.04596845016004092,38
Premier League,home,8,0.3629158285162178,0.5526315789473685,0.1897157504311507,38
Premier League,home,9,0.3926640914257494,0.34210526315789475,-0.05055882826785463,38
Premier League,home,10,0.41436171381344966,0.4473684210526316,0.03300670723918192,38
Premier League,home,11,0.439451726414503,0.39473684210526316,-0.04471488430923981,38
Premier League,home,12,0.4702097613399102,0.5,0.029790238660089785,38
Premier League,home,13,0.4991842121976567,0.6052631578947368,0.10607894569708015,38
Premier League,home,14,0.5273579429657125,0.34210526315789475,-0.18525267980781773,38
Premier League,home,15,0.5618404015259525,0.5526315789473685,-0.00920882257858402,38
Premier League,home,16,0.5937723174515497,0.5789473684210527,-0.014824949030497026,38
Premier League,home,17,0.6308172789109492,0.5263157894736842,-0.104501489437265,38
Premier League,home,18,0.6721663303495665,0.5789473684210527,-0.09321896192851387,38
Premier League,home,19,0.7168447032313384,0.7368421052631579,0.019997402031819433,38
Premier League,home,20,0.8012190689533218,0.8157894736842105,0.014570404730888664,38
Premier League,draw,1,0.12593672956759291,0.13157894736842105,0.005642217800828131,38
Premier League,draw,2,0.16515705935368713,0.15789473684210525,-0.007262322511581876,38
Premier League,draw,3,0.1845987364428142,0.21052631578947367,0.025927579346659485,38
Premier League,draw,4,0.20205709122522453,0.2894736842105263,0.0874165929853018,38
Premier League,draw,5,0.21392692830065055,0.21052631578947367,-0.003400612511176876,38
Premier League,draw,6,0.22215749703781396,0.2631578947368421,0.041000397699028135,38
Premier League,draw,7,0.22917012021883865,0.39473684210526316,0.16556672188642452,38
Premier League,draw,8,0.2363611964926444,0.18421052631578946,-0.05215067017685493,38
Premier League,draw,9,0.24347136485421655,0.2631578947368421,0.019686529882625536,38
Premier League,draw,10,0.24972904974216928,0.3157894736842105,0.06606042394204123,38
Premier League,draw,11,0.25420261387974685,0.21052631578947367,-0.04367629809027318,38
Premier League,draw,12,0.25759942269707675,0.2894736842105263,0.031874261513449575,38
Premier League,draw,13,0.26176761693278483,0.21052631578947367,-0.05124130114331116,38
Premier League,draw,14,0.2663682025226449,0.42105263157894735,0.15468442905630242,38
Premier League,draw,15,0.2709408447511626,0.21052631578947367,-0.06041452896168892,38
Premier League,draw,16,0.27596556909758246,0.23684210526315788,-0.03912346383442458,38
Premier League,draw,17,0.2800764863129941,0.3684210526315789,0.08834456631858484,38
Premier League,draw,18,0.2840192587887238,0.2631578947368421,-0.020861364051881714,38
Premier League,draw,19,0.28908636237078617,0.23684210526315788,-0.052244257107628284,38
Premier League,draw,20,0.30199618766238195,0.3157894736842105,0.013793286021828555,38
Premier League,away,1,0.06965398098895725,0.10526315789473684,0.03560917690577958,38
Premier League,away,2,0.1099790644581151,0.02631578947368421,-0.0836632749844309,38
Premier League,away,3,0.13211387297208232,0.13157894736842105,-0.0005349256036612793,38
Premier League,away,4,0.15534670575364115,0.21052631578947367,0.05517961003583252,38
Premier League,away,5,0.17937565001103403,0.18421052631578946,0.004834876304755431,38
Premier League,away,6,0.19967116679273078,0.2631578947368421,0.06348672794411131,38
Premier League,away,7,0.22050110208538368,0.2894736842105263,0.06897258212514265,38
Premier League,away,8,0.24004549580529858,0.15789473684210525,-0.08215075896319332,38
Premier League,away,9,0.2648223117506204,0.21052631578947367,-0.054295995961146704,38
Premier League,away,10,0.2875541163345477,0.3684210526315789,0.08086693629703123,38
Premier League,away,11,0.30824634086745445,0.34210526315789475,0.033858922290440296,38
Premier League,away,12,0.3278280232259092,0.3684210526315789,0.04059302940566972,38
Premier League,away,13,0.3561441604261004,0.2894736842105263,-0.06667047621557409,38
Premier League,away,14,0.3850646391504602,0.3684210526315789,-0.01664358651888126,38
Premier League,away,15,0.41342360687940155,0.47368421052631576,0.06026060364691421,38
Premier League,away,16,0.4461617228296332,0.34210526315789475,-0.10405645967173843,38
Premier League,away,17,0.4852479846456964,0.5526315789473685,0.06738359430167207,38
Premier League,away,18,0.5334014087169452,0.47368421052631576,-0.05971719819062943,38
Premier League,away,19,0.5893841119119964,0.5526315789473685,-0.03675253296462788,38
Premier League,away,20,0.6915161981843726,0.7631578947368421,0.07164169655246955,38
Bundesliga,home,1,0.1161666352062659,0.06451612903225806,-0.051650506174007835,31
Bundesliga,home,2,0.20075098930579197,0.12903225806451613,-0.07171873124127584,31
Bundesliga,home,3,0.25200170133159294,0.2,-0.05200170133159293,30
Bundesliga,home,4,0.2822327291502071,0.12903225806451613,-0.15320047108569096,31
Bundesliga,home,5,0.31597824437555616,0.2,-0.11597824437555615,30
Bundesliga,home,6,0.34546408738657663,0.25806451612903225,-0.08739957125754438,31
Bundesliga,home,7,0.36535597067055986,0.16666666666666666,-0.1986893040038932,30
Bundesliga,home,8,0.3862710005215762,0.3225806451612903,-0.06369035536028589,31
Bundesliga,home,9,0.4044763715624093,0.4,-0.004476371562409265,30
Bundesliga,home,10,0.4229529081892998,0.41935483870967744,-0.003598069479622379,31
Bundesliga,home,11,0.446246773285552,0.4838709677419355,0.037624194456383486,31
Bundesliga,home,12,0.46888931060819544,0.4,-0.06888931060819542,30
Bundesliga,home,13,0.4894276916900665,0.3548387096774194,-0.13458898201264713,31
Bundesliga,home,14,0.5150258494882425,0.6333333333333333,0.11830748384509082,30
Bundesliga,home,15,0.5480991207636855,0.6451612903225806,0.09706216955889513,31
Bundesliga,home,16,0.5774761802854543,0.5666666666666667,-0.01080951361878768,30
Bundesliga,home,17,0.6148746758069524,0.5483870967741935,-0.06648757903275893,31
Bundesliga,home,18,0.659448401496388,0.6666666666666666,0.0072182651702786815,30
Bundesliga,home,19,0.7304100556750843,0.7741935483870968,0.04378349271201243,31
Bundesliga,home,20,0.836328081283554,0.8709677419354839,0.034639660651929916,31
Bundesliga,draw,1,0.10278350850084303,0.06451612903225806,-0.03826737946858497,31
Bundesliga,draw,2,0.1475876101023143,0.1935483870967742,0.045960776994459884,31
Bundesliga,draw,3,0.17767739890803932,0.23333333333333334,0.05565593442529401,30
Bundesliga,draw,4,0.19669737043273788,0.25806451612903225,0.06136714569629437,31
Bundesliga,draw,5,0.20838375560428324,0.26666666666666666,0.058282911062383425,30
Bundesliga,draw,6,0.21946063888110368,0.22580645161290322,0.006345812731799544,31
Bundesliga,draw,7,0.22861162966697032,0.13333333333333333,-0.09527829633363699,30
Bundesliga,draw,8,0.23698003838703244,0.1935483870967742,-0.04343165129025825,31
Bundesliga,draw,9,0.24312825961331797,0.3,0.056871740386682024,30
Bundesliga,draw,10,0.2482312348568328,0.2903225806451613,0.042091345788328516,31
Bundesliga,draw,11,0.25271876843922064,0.25806451612903225,0.0053457476898116085,31
Bundesliga,draw,12,0.2565627396661478,0.2,-0.05656273966614778,30
Bundesliga,draw,13,0.2600172202481049,0.0967741935483871,-0.16324302669971782,31
Bundesliga,draw,14,0.26391585289931013,0.2,-0.06391585289931012,30
Bundesliga,draw,15,0.26833954985740954,0.3548387096774194,0.08649915982000983,31
Bundesliga,draw,16,0.27198932307870594,0.43333333333333335,0.1613440102546274,30
Bundesliga,draw,17,0.27615317071984047,0.2903225806451613,0.014169409925320842,31
Bundesliga,draw,18,0.27916529938424917,0.26666666666666666,-0.012498632717582503,30
Bundesliga,draw,19,0.285056891702993,0.3548387096774194,0.0697818179744264,31
Bundesliga,draw,20,0.29908643030294096,0.3548387096774194,0.05575227937447841,31
Bundesliga,away,1,0.058531882787370544,0.06451612903225806,0.005984246244887519,31
Bundesliga,away,2,0.10666890618592444,0.06451612903225806,-0.042152777153666374,31
Bundesliga,away,3,0.1463268859656954,0.16666666666666666,0.020339780700971255,30
Bundesliga,away,4,0.17213923320572413,0.16129032258064516,-0.010848910625078978,31
Bundesliga,away,5,0.19452394531861697,0.1,-0.09452394531861696,30
Bundesliga,away,6,0.21173091070023825,0.25806451612903225,0.046333605428794,31
Bundesliga,away,7,0.23098388723090643,0.3,0.06901611276909356,30
Bundesliga,away,8,0.2502771761993801,0.1935483870967742,-0.056728789102605925,31
Bundesliga,away,9,0.26794052756951564,0.26666666666666666,-0.0012738609028489778,30
Bundesliga,away,10,0.2874860793199165,0.3225806451612903,0.035094565841373826,31
Bundesliga,away,11,0.3072801154763435,0.3225806451612903,0.015300529684946829,31
Bundesliga,away,12,0.321255564153852,0.3333333333333333,0.012077769179481335,30
Bundesliga,away,13,0.3377005200242869,0.2903225806451613,-0.0473779393791256,31
Bundesliga,away,14,0.36108619169532397,0.43333333333333335,0.07224714163800938,30
Bundesliga,away,15,0.3826806922387039,0.6451612903225806,0.26248059808387675,31
Bundesliga,away,16,0.414146422545769,0.5,0.085853577454231,30
Bundesliga,away,17,0.4573127984044562,0.5806451612903226,0.12333236288586641,31
Bundesliga,away,18,0.4986095478315679,0.5,0.001390452168432088,30
Bundesliga,away,19,0.5734683259112197,0.5806451612903226,0.007176835379102964,31
Bundesliga,away,20,0.7169417327691567,0.7096774193548387,-0.007264313414317991,31
La Liga,home,1,0.13107938351981496,0.15789473684210525,0.026815353322290292,38
La Liga,home,2,0.19591275440819655,0.18421052631578946,-0.011702228092407091,38
La Liga,home,3,0.24584432884267488,0.15789473684210525,-0.08794959200056962,38
La Liga,home,4,0.28376914515375357,0.21052631578947367,-0.0732428293642799,38
La Liga,home,5,0.3096962872200651,0.2894736842105263,-0.020222603009538764,38
La Liga,home,6,0.3390035125002717,0.47368421052631576,0.13468069802604404,38
La Liga,home,7,0.3608317378393493,0.3157894736842105,-0.04504226415513879,38
La Liga,home,8,0.3812053083874547,0.42105263157894735,0.039847323191492645,38
La Liga,home,9,0.3983712214804093,0.47368421052631576,0.07531298904590644,38
La Liga,home,10,0.41690557574573456,0.47368421052631576,0.056778634780581205,38
La Liga,home,11,0.44217529731662925,0.39473684210526316,-0.04743845521136608,38
La Liga,home,12,0.4623279536503769,0.5,0.03767204634962312,38
La Liga,home,13,0.48368261088479786,0.39473684210526316,-0.0889457687795347,38
La Liga,home,14,0.5074491973466442,0.3684210526315789,-0.13902814471506525,38
La Liga,home,15,0.5342450179603525,0.6052631578947368,0.07101813993438433,38
La Liga,home,16,0.5625839797758562,0.631578947368421,0.06899496759256485,38
La Liga,home,17,0.6014517142210811,0.7105263157894737,0.10907460156839255,38
La Liga,home,18,0.6721150110093299,0.8157894736842105,0.1436744626748806,38
La Liga,home,19,0.7321117343486586,0.8157894736842105,0.08367773933555189,38
La Liga,home,20,0.8073507972816804,0.9473684210526315,0.14001762377095117,38
La Liga,draw,1,0.12410470781972,0.0,-0.12410470781972,38
La Liga,draw,2,0.1598322668786744,0.10526315789473684,-0.054569108983937575,38
La Liga,draw,3,0.18822542737918357,0.21052631578947367,0.0223008884102901,38
La Liga,draw,4,0.21024426080664604,0.15789473684210525,-0.05234952396454079,38
La Liga,draw,5,0.22852996486107138,0.18421052631578946,-0.04431943854528192,38
La Liga,draw,6,0.24385103762224328,0.18421052631578946,-0.059640511306453814,38
La Liga,draw,7,0.25416907627137114,0.18421052631578946,-0.06995854995558168,38
La Liga,draw,8,0.26091692008407746,0.2894736842105263,0.028556764126448864,38
La Liga,draw,9,0.26796654375270607,0.2631578947368421,-0.004808649015863975,38
La Liga,draw,10,0.2732022043300076,0.2631578947368421,-0.01004430959316549,38
La Liga,draw,11,0.28048454463445427,0.3157894736842105,0.03530492904975624,38
La Liga,draw,12,0.2863556545347401,0.3684210526315789,0.08206539809683883,38
La Liga,draw,13,0.29140557434105263,0.2894736842105263,-0.0019318901305263037,38
La Liga,draw,14,0.29625486010655816,0.34210526315789475,0.045850403051336586,38
La Liga,draw,15,0.3010873707450557,0.3684210526315789,0.06733368188652322,38
La Liga,draw,16,0.3059034267247068,0.2631578947368421,-0.04274553198786468,38
La Liga,draw,17,0.31075691697536617,0.42105263157894735,0.11029571460358117,38
La Liga,draw,18,0.31799551429720985,0.2631578947368421,-0.054837619560367756,38
La Liga,draw,19,0.32536787966614844,0.23684210526315788,-0.08852577440299056,38
La Liga,draw,20,0.34269774111413515,0.2894736842105263,-0.05322405690360882,38
La Liga,away,1,0.06633920763415327,0.05263157894736842,-0.01370762868678485,38
La Liga,away,2,0.09721463724265096,0.05263157894736842,-0.04458305829528254,38
La Liga,away,3,0.1272697433497077,0.02631578947368421,-0.10095395387602349,38
La Liga,away,4,0.1563842931454861,0.23684210526315788,0.08045781211767178,38
La Liga,away,5,0.18103063257225507,0.18421052631578946,0.00317989374353439,38
La Liga,away,6,0.196172855984759,0.15789473684210525,-0.03827811914265375,38
La Liga,away,7,0.2140457399975722,0.18421052631578946,-0.02983521368178274,38
La Liga,away,8,0.23099288757981196,0.3157894736842105,0.08479658610439855,38
La Liga,away,9,0.24467827553083923,0.2631578947368421,0.018479619206002856,38
La Liga,away,10,0.26104939470492833,0.13157894736842105,-0.12947044733650728,38
La Liga,away,11,0.274648309388688,0.2631578947368421,-0.011490414651845915,38
La Liga,away,12,0.2942972848639297,0.3157894736842105,0.02149218882028081,38
La Liga,away,13,0.3111638438840869,0.21052631578947367,-0.10063752809461324,38
La Liga,away,14,0.3311871251024782,0.23684210526315788,-0.09434501983932034,38
La Liga,away,15,0.35342118479317614,0.3157894736842105,-0.037631711108965626,38
La Liga,away,16,0.3868071662742867,0.5263157894736842,0.1395086231993975,38
La Liga,away,17,0.4259203998423504,0.3684210526315789,-0.05749934721077149,38
La Liga,away,18,0.4797294948243317,0.631578947368421,0.15184945254408933,38
La Liga,away,19,0.5536043397947409,0.5789473684210527,0.02534302862631177,38
La Liga,away,20,0.6765787216515079,0.6052631578947368,-0.07131556375677106,38
Serie A,home,1,0.11897390759125899,0.02631578947368421,-0.09265811811757478,38
Serie A,home,2,0.1588615944076046,0.07894736842105263,-0.07991422598655198,38
Serie A,home,3,0.18790073415068106,0.21052631578947367,0.022625581638792608,38
Serie A,home,4,0.22082169931161116,0.23684210526315788,0.016020405951546718,38
Serie A,home,5,0.25907331170600695,0.2894736842105263,0.03040037250451938,38
Serie A,home,6,0.2870737421494143,0.18421052631578946,-0.10286321583362482,38
Serie A,home,7,0.3135713979148144,0.18421052631578946,-0.12936087159902496,38
Serie A,home,8,0.3420143478709296,0.34210526315789475,9.091528696514306e-05,38
Serie A,home,9,0.3688574286874272,0.2894736842105263,-0.07938374447690089,38
Serie A,home,10,0.393415992543238,0.34210526315789475,-0.05131072938534326,38
Serie A,home,11,0.4148739926805393,0.4473684210526316,0.032494428372092266,38
Serie A,home,12,0.43983762303274565,0.47368421052631576,0.03384658749357011,38
Serie A,home,13,0.47040066558882865,0.4473684210526316,-0.023032244536197066,38
Serie A,home,14,0.5008350711496893,0.5789473684210527,0.07811229727136337,38
Serie A,home,15,0.5338429917264085,0.4473684210526316,-0.0864745706737769,38
Serie A,home,16,0.574060462022121,0.5526315789473685,-0.021428883074752547,38
Serie A,home,17,0.6237916527851491,0.5526315789473685,-0.07116007383778067,38
Serie A,home,18,0.6613694835651742,0.6578947368421053,-0.003474746723068911,38
Serie A,home,19,0.7081731530760621,0.7368421052631579,0.028668952187095753,38
Serie A,home,20,0.7650172271453496,0.7894736842105263,0.02445645706517674,38
Serie A,draw,1,0.15288761703157752,0.13157894736842105,-0.021308669663156476,38
Serie A,draw,2,0.18594827235068112,0.18421052631578946,-0.0017377460348916574,38
Serie A,draw,3,0.20346684004430013,0.23684210526315788,0.03337526521885775,38
Serie A,draw,4,0.2165451005106951,0.23684210526315788,0.020297004752462794,38
Serie A,draw,5,0.2293481734180899,0.23684210526315788,0.007493931845067969,38
Serie A,draw,6,0.2398102831883059,0.23684210526315788,-0.00296817792514803,38
Serie A,draw,7,0.25218795569588415,0.13157894736842105,-0.1206090083274631,38
Serie A,draw,8,0.2619466875377319,0.34210526315789475,0.08015857562016282,38
Serie A,draw,9,0.2689681243620729,0.13157894736842105,-0.13738917699365186,38
Serie A,draw,10,0.2751642182488431,0.3157894736842105,0.040625255435367436,38
Serie A,draw,11,0.2814246851792019,0.2894736842105263,0.008048999031324444,38
Serie A,draw,12,0.2870498488720532,0.3684210526315789,0.08137120375952572,38
Serie A,draw,13,0.2919100080127868,0.2631578947368421,-0.028752113275944735,38
Serie A,draw,14,0.2964444728736654,0.2631578947368421,-0.033286578136823286,38
Serie A,draw,15,0.3012562251283215,0.3157894736842105,0.014533248555889,38
Serie A,draw,16,0.3052478627390311,0.34210526315789475,0.03685740041886365,38
Serie A,draw,17,0.3112560757780405,0.3157894736842105,0.0045333979061700225,38
Serie A,draw,18,0.31674014515735066,0.3157894736842105,-0.0009506714731401522,38
Serie A,draw,19,0.3232717012470636,0.39473684210526316,0.07146514085819955,38
Serie A,draw,20,0.33413422483127286,0.39473684210526316,0.0606026172739903,38
Serie A,away,1,0.07875053007118597,0.02631578947368421,-0.052434740597501764,38
Serie A,away,2,0.10298540546336599,0.10526315789473684,0.0022777524313708497,38
Serie A,away,3,0.12416191833812273,0.10526315789473684,-0.018898760443385898,38
Serie A,away,4,0.14559929235399185,0.15789473684210525,0.0122954444881134,38
Serie A,away,5,0.17227636212498026,0.2631578947368421,0.09088153261186183,38
Serie A,away,6,0.19626201855989214,0.13157894736842105,-0.0646830711914711,38
Serie A,away,7,0.2161834462383431,0.13157894736842105,-0.08460449886992205,38
Serie A,away,8,0.23705800864682533,0.15789473684210525,-0.07916327180472008,38
Serie A,away,9,0.25909567807900324,0.2894736842105263,0.030378006131523083,38
Serie A,away,10,0.27869959612919365,0.18421052631578946,-0.09448906981340419,38
Serie A,away,11,0.2948531591385299,0.34210526315789475,0.04725210401936486,38
Serie A,away,12,0.31593363899522253,0.3157894736842105,-0.00014416531101202334,38
Serie A,away,13,0.3424841259959497,0.34210526315789475,-0.0003788628380549386,38
Serie A,away,14,0.376603817565874,0.42105263157894735,0.04444881401307332,38
Serie A,away,15,0.4105699042691145,0.5,0.0894300957308855,38
Serie A,away,16,0.4500546218654758,0.5526315789473685,0.10257695708189268,38
Serie A,away,17,0.4965387056135806,0.5789473684210527,0.08240866280747206,38
Serie A,away,18,0.5497566746941469,0.6842105263157895,0.13445385162164258,38
Serie A,away,19,0.5988007044938733,0.631578947368421,0.03277824287454767,38
Serie A,away,20,0.6755573900513054,0.7631578947368421,0.0876005046855367,38
Ligue 1,home,1,0.12596390040288735,0.06451612903225806,-0.06144777137062929,31
Ligue 1,home,2,0.18129581673513243,0.25806451612903225,0.07676869939389983,31
Ligue 1,home,3,0.21832244031842266,0.2,-0.018322440318422645,30
Ligue 1,home,4,0.25060174981188443,0.3548387096774194,0.10423695986553494,31
Ligue 1,home,5,0.28098501436444484,0.4,0.11901498563555518,30
Ligue 1,home,6,0.30126833961334887,0.3225806451612903,0.021312305547941446,31
Ligue 1,home,7,0.3254838215171329,0.3333333333333333,0.007849511816200416,30
Ligue 1,home,8,0.35519708967347785,0.3870967741935484,0.031899684520070526,31
Ligue 1,home,9,0.3879756117555479,0.36666666666666664,-0.02130894508888126,30
Ligue 1,home,10,0.41239390933754333,0.5161290322580645,0.10373512292052117,31
Ligue 1,home,11,0.4422674880576499,0.41935483870967744,-0.02291264934797249,31
Ligue 1,home,12,0.4704494836665802,0.43333333333333335,-0.03711615033324683,30
Ligue 1,home,13,0.49547814220695424,0.45161290322580644,-0.0438652389811478,31
Ligue 1,home,14,0.5193662291287964,0.6333333333333333,0.11396710420453693,30
Ligue 1,home,15,0.5534444694947596,0.6129032258064516,0.05945875631169206,31
Ligue 1,home,16,0.590070881367301,0.5666666666666667,-0.023404214700634363,30
Ligue 1,home,17,0.6296616705293135,0.6129032258064516,-0.01675844472286192,31
Ligue 1,home,18,0.672592057664909,0.7666666666666667,0.09407460900175768,30
Ligue 1,home,19,0.7141194020046576,0.8064516129032258,0.09233221089856813,31
Ligue 1,home,20,0.7956557944646325,0.7741935483870968,-0.021462246077535774,31
Ligue 1,draw,1,0.1290477268749429,0.0967741935483871,-0.0322735333265558,31
Ligue 1,draw,2,0.1657231744857745,0.1935483870967742,0.027825212610999683,31
Ligue 1,draw,3,0.18488482390827926,0.2,0.01511517609172075,30
Ligue 1,draw,4,0.1993965344188068,0.06451612903225806,-0.13488040538654875,31
Ligue 1,draw,5,0.21477414268414785,0.03333333333333333,-0.18144080935081452,30
Ligue 1,draw,6,0.22512348569198762,0.3870967741935484,0.16197328850156076,31
Ligue 1,draw,7,0.23446397710487374,0.26666666666666666,0.032202689561792924,30
Ligue 1,draw,8,0.24323181850667816,0.16129032258064516,-0.081941495926033,31
Ligue 1,draw,9,0.2490452533784741,0.13333333333333333,-0.11571192004514078,30
Ligue 1,draw,10,0.25476610177985215,0.22580645161290322,-0.02895965016694893,31
Ligue 1,draw,11,0.25877274901120784,0.25806451612903225,-0.0007082328821755857,31
Ligue 1,draw,12,0.263364346797587,0.26666666666666666,0.0033023198690796396,30
Ligue 1,draw,13,0.269165725142377,0.22580645161290322,-0.0433592735294738,31
Ligue 1,draw,14,0.2729028221287068,0.23333333333333334,-0.039569488795373475,30
Ligue 1,draw,15,0.2767961351404438,0.2903225806451613,0.013526445504717488,31
Ligue 1,draw,16,0.2806357606077652,0.16666666666666666,-0.11396909394109853,30
Ligue 1,draw,17,0.2845898439804865,0.4838709677419355,0.19928112376144902,31
Ligue 1,draw,18,0.2896583059551502,0.3333333333333333,0.04367502737818313,30
Ligue 1,draw,19,0.2946405998212311,0.25806451612903225,-0.036576083692198835,31
Ligue 1,draw,20,0.30555658655932005,0.1935483870967742,-0.11200819946254587,31
Ligue 1,away,1,0.07349473400923913,0.0967741935483871,0.023279459539147965,31
Ligue 1,away,2,0.1098171529499855,0.06451612903225806,-0.04530102391772743,31
Ligue 1,away,3,0.13212313413608587,0.1,-0.03212313413608586,30
Ligue 1,away,4,0.15549104257749471,0.12903225806451613,-0.02645878451297859,31
Ligue 1,away,5,0.17703488578356355,0.2,0.02296511421643646,30
Ligue 1,away,6,0.19948074729358944,0.16129032258064516,-0.03819042471294429,31
Ligue 1,away,7,0.2190873156771312,0.2,-0.019087315677131178,30
Ligue 1,away,8,0.2360476151684987,0.2903225806451613,0.05427496547666261,31
Ligue 1,away,9,0.25749320209650417,0.2,-0.05749320209650416,30
Ligue 1,away,10,0.28110581737624907,0.3225806451612903,0.041474827785041246,31
Ligue 1,away,11,0.30578339941625915,0.22580645161290322,-0.07997694780335593,31
Ligue 1,away,12,0.3281110371832805,0.4,0.07188896281671953,30
Ligue 1,away,13,0.36175484557105364,0.2903225806451613,-0.07143226492589233,31
Ligue 1,away,14,0.38754919492457424,0.3333333333333333,-0.05421586159124092,30
Ligue 1,away,15,0.41575075122879096,0.5161290322580645,0.10037828102927354,31
Ligue 1,away,16,0.44631098738101227,0.4,-0.04631098738101225,30
Ligue 1,away,17,0.48376140111410854,0.5161290322580645,0.032367631143955966,31
Ligue 1,away,18,0.5311806442936636,0.5,-0.03118064429366363,30
Ligue 1,away,19,0.587313574292036,0.5806451612903226,-0.006668413001713391,31
Ligue 1,away,20,0.690041916395473,0.7096774193548387,0.01963550295936578,31
