season,outcome,bin,avg_pred,actual,error,count
2024-2025,home,1,0.11867541928366726,0.056818181818181816,-0.061857237465485444,88
2024-2025,home,2,0.17605088446774061,0.14772727272727273,-0.02832361174046788,88
2024-2025,home,3,0.215417886718239,0.16091954022988506,-0.054498346488353944,87
2024-2025,home,4,0.2522868066592063,0.23863636363636365,-0.013650443022842629,88
2024-2025,home,5,0.28305594817308805,0.26436781609195403,-0.018688132081134012,87
2024-2025,home,6,0.30978372010984007,0.22727272727272727,-0.0825109928371128,88
2024-2025,home,7,0.33853109923808106,0.2988505747126437,-0.039680524525437355,87
2024-2025,home,8,0.36683808279930974,0.38636363636363635,0.019525553564326614,88
2024-2025,home,9,0.39313392046329115,0.3103448275862069,-0.08278909287708425,87
2024-2025,home,10,0.412838562427458,0.4318181818181818,0.018979619390723845,88
2024-2025,home,11,0.44066346052393296,0.3977272727272727,-0.04293618779666025,88
2024-2025,home,12,0.4701527492355694,0.4367816091954023,-0.03337114004016706,87
2024-2025,home,13,0.497645806581337,0.4772727272727273,-0.02037307930860971,88
2024-2025,home,14,0.52631605265066,0.4942528735632184,-0.03206317908744155,87
2024-2025,home,15,0.5573736115435701,0.6136363636363636,0.05626275209279352,88
2024-2025,home,16,0.591209125463172,0.5057471264367817,-0.08546199902639029,87
2024-2025,home,17,0.6368373427804166,0.5568181818181818,-0.08001916096223483,88
2024-2025,home,18,0.6839600578241622,0.7241379310344828,0.040177873210320514,87
2024-2025,home,19,0.7317971512646818,0.8181818181818182,0.08638466691713642,88
2024-2025,home,20,0.8137758118176396,0.8522727272727273,0.03849691545508771,88
2024-2025,draw,1,0.1188907492443124,0.06818181818181818,-0.05070893106249422,88
2024-2025,draw,2,0.1600700252282455,0.13636363636363635,-0.023706388864609157,88
2024-2025,draw,3,0.1823801191524598,0.21839080459770116,0.03601068544524136,87
2024-2025,draw,4,0.19882189460195407,0.23863636363636365,0.03981446903440958,88
2024-2025,draw,5,0.21352323879311974,0.1724137931034483,-0.04110944568967145,87
2024-2025,draw,6,0.22475264279840584,0.3522727272727273,0.12752008447432145,88
2024-2025,draw,7,0.23486991025663023,0.22988505747126436,-0.0049848527853658675,87
2024-2025,draw,8,0.24403374344259718,0.18181818181818182,-0.062215561624415355,88
2024-2025,draw,9,0.2516843766050795,0.19540229885057472,-0.05628207775450475,87
2024-2025,draw,10,0.25681938870656223,0.26136363636363635,0.004544247657074119,88
2024-2025,draw,11,0.26270461053043515,0.2159090909090909,-0.046795519621344234,88
2024-2025,draw,12,0.2680729001839049,0.26436781609195403,-0.003705084091950861,87
2024-2025,draw,13,0.272469969817351,0.2727272727272727,0.00025730290992170834,88
2024-2025,draw,14,0.27729986484163394,0.27586206896551724,-0.0014377958761166987,87
2024-2025,draw,15,0.2822785285942662,0.29545454545454547,0.01317601686027925,88
2024-2025,draw,16,0.28792581033702835,0.28735632183908044,-0.000569488497947912,87
2024-2025,draw,17,0.294400565715998,0.2159090909090909,-0.07849147480690707,88
2024-2025,draw,18,0.3022581597743501,0.39080459770114945,0.08854643792679934,87
2024-2025,draw,19,0.31238451820116475,0.36363636363636365,0.051251845435198895,88
2024-2025,draw,20,0.33100060094978107,0.3522727272727273,0.021272126322946228,88
2024-2025,away,1,0.0644654805366781,0.07954545454545454,0.015079974008776448,88
2024-2025,away,2,0.09821826152193863,0.045454545454545456,-0.05276371606739318,88
2024-2025,away,3,0.1231881497939626,0.06896551724137931,-0.05422263255258329,87
2024-2025,away,4,0.14792445322239706,0.13636363636363635,-0.011560816858760703,88
2024-2025,away,5,0.1723023511560242,0.2413793103448276,0.06907695918880338,87
2024-2025,away,6,0.19152520833024403,0.1590909090909091,-0.03243429923933494,88
2024-2025,away,7,0.21057952754875606,0.20689655172413793,-0.0036829758246181288,87
2024-2025,away,8,0.23082765477885323,0.2840909090909091,0.05326325431205589,88
2024-2025,away,9,0.25174704188561153,0.3448275862068966,0.09308054432128504,87
2024-2025,away,10,0.272332041448657,0.19318181818181818,-0.07915022326683885,88
2024-2025,away,11,0.2946552656984968,0.32954545454545453,0.034890188846957715,88
2024-2025,away,12,0.3155234499893521,0.3218390804597701,0.006315630470417999,87
2024-2025,away,13,0.33795259555188645,0.3068181818181818,-0.031134413733704625,88
2024-2025,away,14,0.3689272208210589,0.3793103448275862,0.0103831240065273,87
2024-2025,away,15,0.40170793154639545,0.4772727272727273,0.07556479572633185,88
2024-2025,away,16,0.4352918980081431,0.5172413793103449,0.08194948130220175,87
2024-2025,away,17,0.4756567754675631,0.5454545454545454,0.06979776998698234,88
2024-2025,away,18,0.5285996990487556,0.632183908045977,0.10358420899722143,87
2024-2025,away,19,0.5875439753697275,0.5909090909090909,0.0033651155393634724,88
2024-2025,away,20,0.6972044295429071,0.75,0.05279557045709293,88
2025-2026,home,1,0.12420708000092548,0.07954545454545454,-0.044661625455470935,88
2025-2026,home,2,0.18360380291483808,0.13636363636363635,-0.04724016655120172,88
2025-2026,home,3,0.2261929784988349,0.28735632183908044,0.061163343340245535,87
2025-2026,home,4,0.2650731696655168,0.22727272727272727,-0.03780044239278954,88
2025-2026,home,5,0.29278382252493385,0.27586206896551724,-0.016921753559416608,87
2025-2026,home,6,0.3201814751751032,0.26136363636363635,-0.05881783881146685,88
2025-2026,home,7,0.3455615546785787,0.3793103448275862,0.0337487901490075,87
2025-2026,home,8,0.36789459489201265,0.3522727272727273,-0.015621867619285357,88
2025-2026,home,9,0.3907669528731612,0.3793103448275862,-0.011456608045575023,87
2025-2026,home,10,0.41028323849184595,0.5454545454545454,0.13517130696269947,88
2025-2026,home,11,0.43257282296436467,0.38636363636363635,-0.046209186600728314,88
2025-2026,home,12,0.45604948968601045,0.5172413793103449,0.06119188962433442,87
2025-2026,home,13,0.4793273478959003,0.48863636363636365,0.009309015740463333,88
2025-2026,home,14,0.5026309012671354,0.4942528735632184,-0.00837802770391699,87
2025-2026,home,15,0.5325507445278833,0.5113636363636364,-0.02118710816424696,88
2025-2026,home,16,0.5659967942142237,0.5977011494252874,0.03170435521106374,87
2025-2026,home,17,0.608233015199842,0.6136363636363636,0.005403348436521682,88
2025-2026,home,18,0.6514892721444043,0.7011494252873564,0.049660153142952024,87
2025-2026,home,19,0.7025269943788935,0.7386363636363636,0.0361093692574701,88
2025-2026,home,20,0.7877153068275766,0.8295454545454546,0.041830147717877963,88
2025-2026,draw,1,0.13225929765974498,0.10227272727272728,-0.0299865703870177,88
2025-2026,draw,2,0.17280466292675417,0.19318181818181818,0.020377155255064006,88
2025-2026,draw,3,0.19569447239133186,0.16091954022988506,-0.03477493216144681,87
2025-2026,draw,4,0.2111152301544849,0.2159090909090909,0.004793860754606,88
2025-2026,draw,5,0.2226827918178107,0.19540229885057472,-0.027280492967235975,87
2025-2026,draw,6,0.23237913681100367,0.25,0.017620863188996333,88
2025-2026,draw,7,0.2413054381239681,0.2413793103448276,7.387222085949996e-05,87
2025-2026,draw,8,0.2486788074018287,0.22727272727272727,-0.021406080129101446,88
2025-2026,draw,9,0.2544613978675952,0.25287356321839083,-0.0015878346492043671,87
2025-2026,draw,10,0.25922823439048814,0.22727272727272727,-0.03195550711776088,88
2025-2026,draw,11,0.26427828931658737,0.25,-0.014278289316587367,88
2025-2026,draw,12,0.26986838152588793,0.2988505747126437,0.028982193186755767,87
2025-2026,draw,13,0.2748123172226206,0.3181818181818182,0.04336950095919756,88
2025-2026,draw,14,0.2794569760439864,0.28735632183908044,0.007899345795094048,87
2025-2026,draw,15,0.2843218106791356,0.3068181818181818,0.022496371139046234,88
2025-2026,draw,16,0.2896073454487637,0.39080459770114945,0.10119725225238574,87
2025-2026,draw,17,0.2955250466100898,0.32954545454545453,0.034020407935364705,88
2025-2026,draw,18,0.30276681372751174,0.26436781609195403,-0.03839899763555771,87
2025-2026,draw,19,0.31185310610889394,0.2840909090909091,-0.027762197017984824,88
2025-2026,draw,20,0.32874100437110004,0.29545454545454547,-0.03328645891655457,88
2025-2026,away,1,0.0752677472646273,0.056818181818181816,-0.018449565446445486,88
2025-2026,away,2,0.11245130416518978,0.06818181818181818,-0.044269485983371604,88
2025-2026,away,3,0.13950055999596975,0.1839080459770115,0.044407485981041744,87
2025-2026,away,4,0.16560223766203894,0.18181818181818182,0.016215944156142886,88
2025-2026,away,5,0.1895777114101461,0.11494252873563218,-0.07463518267451391,87
2025-2026,away,6,0.21027753345968173,0.22727272727272727,0.01699519381304554,88
2025-2026,away,7,0.22633449741146877,0.19540229885057472,-0.030932198560894048,87
2025-2026,away,8,0.24479275412427315,0.18181818181818182,-0.06297457230609133,88
2025-2026,away,9,0.2627547655145863,0.21839080459770116,-0.04436396091688516,87
2025-2026,away,10,0.2807103283027341,0.29545454545454547,0.014744217151811345,88
2025-2026,away,11,0.2994928000845802,0.2840909090909091,-0.015401890993671064,88
2025-2026,away,12,0.31632794059812075,0.3103448275862069,-0.005983113011913843,87
2025-2026,away,13,0.33817055217826303,0.2840909090909091,-0.05407964308735391,88
2025-2026,away,14,0.36332900816560776,0.3793103448275862,0.01598133666197843,87
2025-2026,away,15,0.3906533943718216,0.4431818181818182,0.05252842380999656,88
2025-2026,away,16,0.4241906901832476,0.4482758620689655,0.024085171885717904,87
2025-2026,away,17,0.4650354006947831,0.4431818181818182,-0.02185358251296493,88
2025-2026,away,18,0.5166301844458167,0.47126436781609193,-0.04536581662972472,87
2025-2026,away,19,0.5784802246053193,0.6590909090909091,0.08061068448558972,88
2025-2026,away,20,0.6820970907192322,0.6590909090909091,-0.02300618162832313,88
